Country Name,Country Code,Indicator Name,Indicator Code,2020,2021,2022,2023,2024
Aruba,ABW,Urban population (% of total population),SP.URB.TOTL.IN.ZS,43.697,43.866,44.052,44.254,44.474
Africa Eastern and Southern,AFE,Urban population (% of total population),SP.URB.TOTL.IN.ZS,36.88403448,37.39363253,37.90901202,38.42489805,38.94911407
Afghanistan,AFG,Urban population (% of total population),SP.URB.TOTL.IN.ZS,26.026,26.314,26.616,26.933,27.265
Africa Western and Central,AFW,Urban population (% of total population),SP.URB.TOTL.IN.ZS,47.93102096,48.53197106,49.12980799,49.71118412,50.28093441
Angola,AGO,Urban population (% of total population),SP.URB.TOTL.IN.ZS,66.825,67.46,68.081,68.688,69.281
Albania,ALB,Urban population (% of total population),SP.URB.TOTL.IN.ZS,62.112,62.969,63.799,64.603,65.38
Andorra,AND,Urban population (% of total population),SP.URB.TOTL.IN.ZS,87.916,87.858,87.811,87.774,87.747
Arab World,ARB,Urban population (% of total population),SP.URB.TOTL.IN.ZS,58.49667413,58.6629266,59.05426702,59.4670503,59.88367215
United Arab Emirates,ARE,Urban population (% of total population),SP.URB.TOTL.IN.ZS,87.048,87.299,87.543,87.779,88.008
Argentina,ARG,Urban population (% of total population),SP.URB.TOTL.IN.ZS,92.111,92.229,92.347,92.463,92.579
Armenia,ARM,Urban population (% of total population),SP.URB.TOTL.IN.ZS,63.313,63.431,63.573,63.739,63.929
American Samoa,ASM,Urban population (% of total population),SP.URB.TOTL.IN.ZS,87.153,87.169,87.196,87.235,87.284
Antigua and Barbuda,ATG,Urban population (% of total population),SP.URB.TOTL.IN.ZS,24.433,24.38,24.346,24.332,24.338
Australia,AUS,Urban population (% of total population),SP.URB.TOTL.IN.ZS,86.241,86.362,86.488,86.617,86.75
Austria,AUT,Urban population (% of total population),SP.URB.TOTL.IN.ZS,58.748,58.995,59.256,59.53,59.819
Azerbaijan,AZE,Urban population (% of total population),SP.URB.TOTL.IN.ZS,56.397,56.776,57.17,57.577,57.997
Burundi,BDI,Urban population (% of total population),SP.URB.TOTL.IN.ZS,13.708,14.058,14.417,14.784,15.16
Belgium,BEL,Urban population (% of total population),SP.URB.TOTL.IN.ZS,98.079,98.117,98.153,98.189,98.224
Benin,BEN,Urban population (% of total population),SP.URB.TOTL.IN.ZS,48.415,48.972,49.534,50.1,50.669
Burkina Faso,BFA,Urban population (% of total population),SP.URB.TOTL.IN.ZS,30.607,31.24,31.877,32.52,33.166
Bangladesh,BGD,Urban population (% of total population),SP.URB.TOTL.IN.ZS,38.177,38.946,39.711,40.473,41.23
Bulgaria,BGR,Urban population (% of total population),SP.URB.TOTL.IN.ZS,75.686,76.025,76.363,76.701,77.037
Bahrain,BHR,Urban population (% of total population),SP.URB.TOTL.IN.ZS,89.506,89.622,89.743,89.869,89.999
"Bahamas, The",BHS,Urban population (% of total population),SP.URB.TOTL.IN.ZS,83.245,83.365,83.492,83.625,83.764
Bosnia and Herzegovina,BIH,Urban population (% of total population),SP.URB.TOTL.IN.ZS,49.02,49.425,49.841,50.269,50.708
Belarus,BLR,Urban population (% of total population),SP.URB.TOTL.IN.ZS,79.483,79.91,80.326,80.731,81.125
Belize,BLZ,Urban population (% of total population),SP.URB.TOTL.IN.ZS,46.025,46.201,46.396,46.608,46.838
Bermuda,BMU,Urban population (% of total population),SP.URB.TOTL.IN.ZS,100,100,100,100,100
Bolivia,BOL,Urban population (% of total population),SP.URB.TOTL.IN.ZS,70.123,70.475,70.83,71.186,71.545
Brazil,BRA,Urban population (% of total population),SP.URB.TOTL.IN.ZS,87.073,87.317,87.555,87.788,88.016
Barbados,BRB,Urban population (% of total population),SP.URB.TOTL.IN.ZS,31.191,31.246,31.324,31.425,31.548
Brunei,BRN,Urban population (% of total population),SP.URB.TOTL.IN.ZS,78.25,78.554,78.854,79.149,79.439
Bhutan,BTN,Urban population (% of total population),SP.URB.TOTL.IN.ZS,42.316,43.008,43.686,44.35,45
Botswana,BWA,Urban population (% of total population),SP.URB.TOTL.IN.ZS,70.877,71.56,72.224,72.867,73.49
Central African Republic,CAF,Urban population (% of total population),SP.URB.TOTL.IN.ZS,42.198,42.648,43.12,43.614,44.13
Canada,CAN,Urban population (% of total population),SP.URB.TOTL.IN.ZS,81.562,81.653,81.752,81.862,81.98
Central Europe and the Baltics,CEB,Urban population (% of total population),SP.URB.TOTL.IN.ZS,62.52134193,62.65356713,62.8359316,63.03545324,63.23180236
Switzerland,CHE,Urban population (% of total population),SP.URB.TOTL.IN.ZS,73.915,73.996,74.092,74.202,74.327
Channel Islands,CHI,Urban population (% of total population),SP.URB.TOTL.IN.ZS,30.963,31.012,31.077,31.159,31.257
Chile,CHL,Urban population (% of total population),SP.URB.TOTL.IN.ZS,87.727,87.817,87.912,88.012,88.116
China,CHN,Urban population (% of total population),SP.URB.TOTL.IN.ZS,61.428,62.512,63.56,64.57,65.544
Cote d'Ivoire,CIV,Urban population (% of total population),SP.URB.TOTL.IN.ZS,51.706,52.18,52.661,53.149,53.644
Cameroon,CMR,Urban population (% of total population),SP.URB.TOTL.IN.ZS,57.56,58.148,58.733,59.315,59.892
"Congo (the Democratic Republic of the)",COD,Urban population (% of total population),SP.URB.TOTL.IN.ZS,45.638,46.235,46.837,47.444,48.055
"Congo, Rep.",COG,Urban population (% of total population),SP.URB.TOTL.IN.ZS,67.829,68.283,68.736,69.188,69.638
Colombia,COL,Urban population (% of total population),SP.URB.TOTL.IN.ZS,81.425,81.74,82.05,82.354,82.652
Comoros,COM,Urban population (% of total population),SP.URB.TOTL.IN.ZS,29.38,29.613,29.864,30.132,30.418
Cabo Verde,CPV,Urban population (% of total population),SP.URB.TOTL.IN.ZS,66.652,67.102,67.545,67.982,68.412
Costa Rica,CRI,Urban population (% of total population),SP.URB.TOTL.IN.ZS,80.771,81.425,82.042,82.622,83.167
Caribbean small states,CSS,Urban population (% of total population),SP.URB.TOTL.IN.ZS,48.47893841,48.55212102,48.65293727,48.78791399,48.93938493
Cuba,CUB,Urban population (% of total population),SP.URB.TOTL.IN.ZS,77.194,77.292,77.401,77.523,77.657
Cura√ßao,CUW,Urban population (% of total population),SP.URB.TOTL.IN.ZS,89.062,89.038,89.025,89.023,89.033
Cayman Islands,CYM,Urban population (% of total population),SP.URB.TOTL.IN.ZS,100,100,100,100,100
Cyprus,CYP,Urban population (% of total population),SP.URB.TOTL.IN.ZS,66.821,66.856,66.911,66.987,67.082
Czechia,CZE,Urban population (% of total population),SP.URB.TOTL.IN.ZS,74.061,74.214,74.377,74.552,74.738
Germany,DEU,Urban population (% of total population),SP.URB.TOTL.IN.ZS,77.453,77.544,77.648,77.765,77.895
Djibouti,DJI,Urban population (% of total population),SP.URB.TOTL.IN.ZS,78.062,78.217,78.38,78.552,78.732
Dominica,DMA,Urban population (% of total population),SP.URB.TOTL.IN.ZS,71.09,71.395,71.7,72.006,72.312
Denmark,DNK,Urban population (% of total population),SP.URB.TOTL.IN.ZS,88.116,88.24,88.367,88.495,88.626
Dominican Republic,DOM,Urban population (% of total population),SP.URB.TOTL.IN.ZS,82.54,83.213,83.848,84.446,85.011
Algeria,DZA,Urban population (% of total population),SP.URB.TOTL.IN.ZS,73.733,74.261,74.772,75.268,75.748
East Asia & Pacific (excluding high income),EAP,Urban population (% of total population),SP.URB.TOTL.IN.ZS,57.48453968,58.3655369,59.22148416,60.04894177,60.85124277
Early-demographic dividend,EAR,Urban population (% of total population),SP.URB.TOTL.IN.ZS,45.78781493,46.18540969,46.6251546,47.07415432,47.52314544
East Asia & Pacific,EAS,Urban population (% of total population),SP.URB.TOTL.IN.ZS,60.68223452,61.45940023,62.22573127,62.98254027,63.71061563
Europe & Central Asia (excluding high income),ECA,Urban population (% of total population),SP.URB.TOTL.IN.ZS,63.76311538,63.99197909,64.16972588,64.3256308,64.56297744
Europe & Central Asia,ECS,Urban population (% of total population),SP.URB.TOTL.IN.ZS,72.58462867,72.79985755,73.03962013,73.28348617,73.5167743
Ecuador,ECU,Urban population (% of total population),SP.URB.TOTL.IN.ZS,64.166,64.361,64.57,64.792,65.029
"Egypt, Arab Rep.",EGY,Urban population (% of total population),SP.URB.TOTL.IN.ZS,42.783,42.862,42.967,43.1,43.258
Euro area,EMU,Urban population (% of total population),SP.URB.TOTL.IN.ZS,77.23498136,77.47162405,77.71268301,77.95604113,78.20471541
Eritrea,ERI,Urban population (% of total population),SP.URB.TOTL.IN.ZS,41.347,41.985,42.625,43.267,43.911
Spain,ESP,Urban population (% of total population),SP.URB.TOTL.IN.ZS,80.81,81.056,81.304,81.552,81.802
Estonia,EST,Urban population (% of total population),SP.URB.TOTL.IN.ZS,69.229,69.415,69.609,69.81,70.019
Ethiopia,ETH,Urban population (% of total population),SP.URB.TOTL.IN.ZS,21.695,22.174,22.661,23.157,23.661
European Union,EUU,Urban population (% of total population),SP.URB.TOTL.IN.ZS,74.97598722,75.22018075,75.46205747,75.70388053,75.94928318
Fragile and conflict affected situations,FCS,Urban population (% of total population),SP.URB.TOTL.IN.ZS,43.639423,44.04210709,44.4016465,44.76858713,45.22087301
Finland,FIN,Urban population (% of total population),SP.URB.TOTL.IN.ZS,85.517,85.596,85.681,85.773,85.872
Fiji,FJI,Urban population (% of total population),SP.URB.TOTL.IN.ZS,57.247,57.74,58.229,58.713,59.192
France,FRA,Urban population (% of total population),SP.URB.TOTL.IN.ZS,80.975,81.242,81.509,81.777,82.044
Faroe Islands,FRO,Urban population (% of total population),SP.URB.TOTL.IN.ZS,42.398,42.583,42.779,42.987,43.206
"Micronesia, Fed. Sts.",FSM,Urban population (% of total population),SP.URB.TOTL.IN.ZS,22.933,23.068,23.217,23.379,23.555
Gabon,GAB,Urban population (% of total population),SP.URB.TOTL.IN.ZS,90.092,90.423,90.735,91.029,91.307
United Kingdom,GBR,Urban population (% of total population),SP.URB.TOTL.IN.ZS,83.903,84.152,84.398,84.642,84.884
Georgia,GEO,Urban population (% of total population),SP.URB.TOTL.IN.ZS,59.453,59.872,60.297,60.727,61.162
Ghana,GHA,Urban population (% of total population),SP.URB.TOTL.IN.ZS,57.349,57.985,58.615,59.238,59.854
Gibraltar,GIB,Urban population (% of total population),SP.URB.TOTL.IN.ZS,100,100,100,100,100
Guinea,GIN,Urban population (% of total population),SP.URB.TOTL.IN.ZS,36.875,37.264,37.668,38.085,38.517
"Gambia, The",GMB,Urban population (% of total population),SP.URB.TOTL.IN.ZS,62.582,63.222,63.852,64.472,65.08
Guinea-Bissau,GNB,Urban population (% of total population),SP.URB.TOTL.IN.ZS,44.196,44.617,45.041,45.466,45.893
Equatorial Guinea,GNQ,Urban population (% of total population),SP.URB.TOTL.IN.ZS,73.1,73.561,74.01,74.448,74.874
Greece,GRC,Urban population (% of total population),SP.URB.TOTL.IN.ZS,79.715,80.038,80.357,80.673,80.984
Grenada,GRD,Urban population (% of total population),SP.URB.TOTL.IN.ZS,36.537,36.694,36.868,37.059,37.267
Greenland,GRL,Urban population (% of total population),SP.URB.TOTL.IN.ZS,87.282,87.507,87.727,87.94,88.149
Guatemala,GTM,Urban population (% of total population),SP.URB.TOTL.IN.ZS,51.836,52.245,52.666,53.098,53.542
Guam,GUM,Urban population (% of total population),SP.URB.TOTL.IN.ZS,94.938,95.015,95.091,95.166,95.24
Guyana,GUY,Urban population (% of total population),SP.URB.TOTL.IN.ZS,26.786,26.897,27.022,27.162,27.316
High income,HIC,Urban population (% of total population),SP.URB.TOTL.IN.ZS,80.54438586,80.73221115,80.94196214,81.16146989,81.38229753
"Hong Kong SAR, China",HKG,Urban population (% of total population),SP.URB.TOTL.IN.ZS,100,100,100,100,100
Honduras,HND,Urban population (% of total population),SP.URB.TOTL.IN.ZS,58.359,58.982,59.6,60.212,60.818
Heavily indebted poor countries (HIPC),HPC,Urban population (% of total population),SP.URB.TOTL.IN.ZS,37.04653897,37.53686938,38.03986955,38.5476985,39.05920302
Croatia,HRV,Urban population (% of total population),SP.URB.TOTL.IN.ZS,57.553,57.878,58.219,58.575,58.945
Haiti,HTI,Urban population (% of total population),SP.URB.TOTL.IN.ZS,57.088,57.964,58.82,59.656,60.472
Hungary,HUN,Urban population (% of total population),SP.URB.TOTL.IN.ZS,71.942,72.245,72.552,72.864,73.179
IBRD only,IBD,Urban population (% of total population),SP.URB.TOTL.IN.ZS,56.2572384,56.83690279,57.40519494,57.95860849,58.51006436
IDA & IBRD total,IBT,Urban population (% of total population),SP.URB.TOTL.IN.ZS,51.32859597,51.83017843,52.32617793,52.81419131,53.30368851
IDA total,IDA,Urban population (% of total population),SP.URB.TOTL.IN.ZS,37.86849328,38.37709275,38.9024403,39.43728704,39.975406
IDA blend,IDB,Urban population (% of total population),SP.URB.TOTL.IN.ZS,43.52658034,44.01116667,44.50567625,45.01184767,45.52333641
Indonesia,IDN,Urban population (% of total population),SP.URB.TOTL.IN.ZS,56.641,57.29,57.934,58.572,59.204
IDA only,IDX,Urban population (% of total population),SP.URB.TOTL.IN.ZS,34.81277994,35.34176827,35.89078654,36.45097571,37.01407336
Isle of Man,IMN,Urban population (% of total population),SP.URB.TOTL.IN.ZS,52.898,53.076,53.271,53.482,53.708
India,IND,Urban population (% of total population),SP.URB.TOTL.IN.ZS,34.926,35.393,35.872,36.364,36.867
Not classified,INX,Urban population (% of total population),SP.URB.TOTL.IN.ZS,,,,,
Ireland,IRL,Urban population (% of total population),SP.URB.TOTL.IN.ZS,63.653,63.912,64.183,64.466,64.76
"Iran, Islamic Rep.",IRN,Urban population (% of total population),SP.URB.TOTL.IN.ZS,75.874,76.345,76.807,77.257,77.698
Iraq,IRQ,Urban population (% of total population),SP.URB.TOTL.IN.ZS,70.893,71.119,71.354,71.599,71.853
Iceland,ISL,Urban population (% of total population),SP.URB.TOTL.IN.ZS,93.898,93.944,93.992,94.042,94.094
Israel,ISR,Urban population (% of total population),SP.URB.TOTL.IN.ZS,92.587,92.674,92.763,92.854,92.946
Italy,ITA,Urban population (% of total population),SP.URB.TOTL.IN.ZS,71.039,71.346,71.657,71.973,72.292
Jamaica,JAM,Urban population (% of total population),SP.URB.TOTL.IN.ZS,56.311,56.652,57.008,57.378,57.762
Jordan,JOR,Urban population (% of total population),SP.URB.TOTL.IN.ZS,91.418,91.626,91.827,92.02,92.206
Japan,JPN,Urban population (% of total population),SP.URB.TOTL.IN.ZS,91.782,91.867,91.955,92.043,92.134
Kazakhstan,KAZ,Urban population (% of total population),SP.URB.TOTL.IN.ZS,57.671,57.821,57.99,58.179,58.387
Kenya,KEN,Urban population (% of total population),SP.URB.TOTL.IN.ZS,27.995,28.493,29.002,29.52,30.049
Kyrgyzstan,KGZ,Urban population (% of total population),SP.URB.TOTL.IN.ZS,36.856,37.146,37.461,37.801,38.166
Cambodia,KHM,Urban population (% of total population),SP.URB.TOTL.IN.ZS,24.232,24.668,25.114,25.57,26.035
Kiribati,KIR,Urban population (% of total population),SP.URB.TOTL.IN.ZS,55.594,56.335,57.058,57.762,58.448
St. Kitts and Nevis,KNA,Urban population (% of total population),SP.URB.TOTL.IN.ZS,30.843,30.906,30.991,31.096,31.221
"Korea, Rep.",KOR,Urban population (% of total population),SP.URB.TOTL.IN.ZS,81.414,81.414,81.427,81.456,81.498
Kuwait,KWT,Urban population (% of total population),SP.URB.TOTL.IN.ZS,100,100,100,100,100
Latin America & Caribbean (excluding high income),LAC,Urban population (% of total population),SP.URB.TOTL.IN.ZS,80.62999455,80.88943146,81.14426105,81.39532105,81.64545056
Laos,LAO,Urban population (% of total population),SP.URB.TOTL.IN.ZS,36.29,36.939,37.592,38.247,38.906
Lebanon,LBN,Urban population (% of total population),SP.URB.TOTL.IN.ZS,88.925,89.093,89.262,89.432,89.603
Liberia,LBR,Urban population (% of total population),SP.URB.TOTL.IN.ZS,52.089,52.573,53.065,53.567,54.077
Libya,LBY,Urban population (% of total population),SP.URB.TOTL.IN.ZS,80.691,80.994,81.302,81.606,81.907
St. Lucia,LCA,Urban population (% of total population),SP.URB.TOTL.IN.ZS,18.841,18.94,19.05,19.172,19.306
Latin America & Caribbean,LCN,Urban population (% of total population),SP.URB.TOTL.IN.ZS,81.08779693,81.32722808,81.56491536,81.80121868,82.03756622
Least developed countries: UN classification,LDC,Urban population (% of total population),SP.URB.TOTL.IN.ZS,34.74092288,35.28907287,35.84971358,36.4129699,36.98010865
Low income,LIC,Urban population (% of total population),SP.URB.TOTL.IN.ZS,36.19183889,36.65494342,37.14203806,37.63388335,38.12965956
Liechtenstein,LIE,Urban population (% of total population),SP.URB.TOTL.IN.ZS,14.416,14.471,14.538,14.617,14.707
Sri Lanka,LKA,Urban population (% of total population),SP.URB.TOTL.IN.ZS,18.713,18.86,19.026,19.211,19.416
Lower middle income,LMC,Urban population (% of total population),SP.URB.TOTL.IN.ZS,39.43697279,39.93772202,40.45163752,40.97714844,41.50928678
Low & middle income,LMY,Urban population (% of total population),SP.URB.TOTL.IN.ZS,51.03586921,51.57273522,52.1006418,52.61804008,53.1355986
Lesotho,LSO,Urban population (% of total population),SP.URB.TOTL.IN.ZS,29.028,29.48,29.943,30.415,30.897
Late-demographic dividend,LTE,Urban population (% of total population),SP.URB.TOTL.IN.ZS,64.03296966,64.81815587,65.60353164,66.37035491,67.11570813
Lithuania,LTU,Urban population (% of total population),SP.URB.TOTL.IN.ZS,68.046,68.249,68.465,68.694,68.936
Luxembourg,LUX,Urban population (% of total population),SP.URB.TOTL.IN.ZS,91.453,91.672,91.881,92.078,92.266
Latvia,LVA,Urban population (% of total population),SP.URB.TOTL.IN.ZS,68.315,68.421,68.54,68.671,68.815
"Macao SAR, China",MAC,Urban population (% of total population),SP.URB.TOTL.IN.ZS,100,100,100,100,100
St. Martin (French part),MAF,Urban population (% of total population),SP.URB.TOTL.IN.ZS,,,,,
Morocco,MAR,Urban population (% of total population),SP.URB.TOTL.IN.ZS,63.532,64.065,64.596,65.121,65.643
Monaco,MCO,Urban population (% of total population),SP.URB.TOTL.IN.ZS,100,100,100,100,100
Moldova,MDA,Urban population (% of total population),SP.URB.TOTL.IN.ZS,42.849,42.998,43.173,43.373,43.599
Madagascar,MDG,Urban population (% of total population),SP.URB.TOTL.IN.ZS,38.534,39.207,39.882,40.556,41.231
Maldives,MDV,Urban population (% of total population),SP.URB.TOTL.IN.ZS,40.669,41.102,41.536,41.971,42.407
"Middle East, North Africa, Afghanistan & Pakistan",MEA,Urban population (% of total population),SP.URB.TOTL.IN.ZS,54.40743849,54.59282258,54.96648531,55.34501465,55.70100041
Mexico,MEX,Urban population (% of total population),SP.URB.TOTL.IN.ZS,80.731,81.016,81.3,81.582,81.862
Marshall Islands,MHL,Urban population (% of total population),SP.URB.TOTL.IN.ZS,77.794,78.162,78.52,78.868,79.208
Middle income,MIC,Urban population (% of total population),SP.URB.TOTL.IN.ZS,52.48275842,53.0542233,53.61436344,54.16428104,54.71415822
Macedonia,MKD,Urban population (% of total population),SP.URB.TOTL.IN.ZS,58.482,58.786,59.118,59.479,59.868
Mali,MLI,Urban population (% of total population),SP.URB.TOTL.IN.ZS,43.909,44.677,45.437,46.189,46.934
Malta,MLT,Urban population (% of total population),SP.URB.TOTL.IN.ZS,94.744,94.81,94.875,94.941,95.006
Myanmar,MMR,Urban population (% of total population),SP.URB.TOTL.IN.ZS,31.141,31.448,31.771,32.112,32.47
"Middle East, North Africa, Afghanistan & Pakistan (excluding high income)",MNA,Urban population (% of total population),SP.URB.TOTL.IN.ZS,51.31166268,51.58272885,51.89478373,52.21217903,52.51732316
Montenegro,MNE,Urban population (% of total population),SP.URB.TOTL.IN.ZS,67.488,67.826,68.164,68.502,68.84
Mongolia,MNG,Urban population (% of total population),SP.URB.TOTL.IN.ZS,68.657,68.785,68.93,69.089,69.263
Northern Mariana Islands,MNP,Urban population (% of total population),SP.URB.TOTL.IN.ZS,91.798,91.89,91.983,92.076,92.171
Mozambique,MOZ,Urban population (% of total population),SP.URB.TOTL.IN.ZS,37.074,37.628,38.187,38.753,39.326
Mauritania,MRT,Urban population (% of total population),SP.URB.TOTL.IN.ZS,55.327,56.133,56.923,57.699,58.458
Mauritius,MUS,Urban population (% of total population),SP.URB.TOTL.IN.ZS,40.76,40.775,40.81,40.867,40.944
Malawi,MWI,Urban population (% of total population),SP.URB.TOTL.IN.ZS,17.427,17.695,17.98,18.28,18.598
Malaysia,MYS,Urban population (% of total population),SP.URB.TOTL.IN.ZS,77.16,77.696,78.214,78.716,79.201
North America,NAC,Urban population (% of total population),SP.URB.TOTL.IN.ZS,82.55365469,82.75003865,82.94790102,83.14816942,83.35164923
Namibia,NAM,Urban population (% of total population),SP.URB.TOTL.IN.ZS,52.033,53.005,53.956,54.886,55.795
New Caledonia,NCL,Urban population (% of total population),SP.URB.TOTL.IN.ZS,71.518,71.925,72.325,72.719,73.106
Niger,NER,Urban population (% of total population),SP.URB.TOTL.IN.ZS,16.626,16.751,16.894,17.054,17.232
Nigeria,NGA,Urban population (% of total population),SP.URB.TOTL.IN.ZS,51.958,52.746,53.521,54.283,55.03
Nicaragua,NIC,Urban population (% of total population),SP.URB.TOTL.IN.ZS,59.012,59.277,59.556,59.849,60.155
Netherlands,NLD,Urban population (% of total population),SP.URB.TOTL.IN.ZS,92.236,92.572,92.886,93.179,93.453
Norway,NOR,Urban population (% of total population),SP.URB.TOTL.IN.ZS,82.974,83.323,83.664,83.995,84.318
Nepal,NPL,Urban population (% of total population),SP.URB.TOTL.IN.ZS,20.576,21.008,21.451,21.903,22.366
Nauru,NRU,Urban population (% of total population),SP.URB.TOTL.IN.ZS,100,100,100,100,100
New Zealand,NZL,Urban population (% of total population),SP.URB.TOTL.IN.ZS,86.699,86.789,86.884,86.985,87.091
OECD members,OED,Urban population (% of total population),SP.URB.TOTL.IN.ZS,81.03276533,81.25131483,81.4656773,81.68662811,81.9124825
Oman,OMN,Urban population (% of total population),SP.URB.TOTL.IN.ZS,86.276,87.044,87.75,88.4,88.998
Other small states,OSS,Urban population (% of total population),SP.URB.TOTL.IN.ZS,55.07963034,55.27177272,55.55970277,55.89997382,56.21947459
Pakistan,PAK,Urban population (% of total population),SP.URB.TOTL.IN.ZS,37.165,37.44,37.731,38.04,38.365
Panama,PAN,Urban population (% of total population),SP.URB.TOTL.IN.ZS,68.414,68.775,69.141,69.512,69.888
Peru,PER,Urban population (% of total population),SP.URB.TOTL.IN.ZS,78.297,78.5,78.708,78.922,79.139
Philippines,PHL,Urban population (% of total population),SP.URB.TOTL.IN.ZS,47.408,47.684,47.977,48.287,48.614
Palau,PLW,Urban population (% of total population),SP.URB.TOTL.IN.ZS,80.988,81.483,81.956,82.408,82.839
Papua New Guinea,PNG,Urban population (% of total population),SP.URB.TOTL.IN.ZS,13.345,13.456,13.582,13.723,13.88
Poland,POL,Urban population (% of total population),SP.URB.TOTL.IN.ZS,60.043,60.075,60.134,60.218,60.33
Pre-demographic dividend,PRE,Urban population (% of total population),SP.URB.TOTL.IN.ZS,42.52664982,43.07893502,43.64187014,44.19726821,44.7495241
Puerto Rico (US),PRI,Urban population (% of total population),SP.URB.TOTL.IN.ZS,93.581,93.592,93.61,93.634,93.664
"Korea, Dem. People's Rep.",PRK,Urban population (% of total population),SP.URB.TOTL.IN.ZS,62.381,62.642,62.916,63.203,63.503
Portugal,PRT,Urban population (% of total population),SP.URB.TOTL.IN.ZS,66.31,66.849,67.381,67.906,68.423
Paraguay,PRY,Urban population (% of total population),SP.URB.TOTL.IN.ZS,62.183,62.496,62.818,63.149,63.489
West Bank and Gaza,PSE,Urban population (% of total population),SP.URB.TOTL.IN.ZS,76.719,77.003,77.291,77.582,77.877
Pacific island small states,PSS,Urban population (% of total population),SP.URB.TOTL.IN.ZS,38.81851164,39.03808109,39.27146868,39.51956134,39.76896489
Post-demographic dividend,PST,Urban population (% of total population),SP.URB.TOTL.IN.ZS,81.66270374,81.84936028,82.07387869,82.30884149,82.5080269
French Polynesia,PYF,Urban population (% of total population),SP.URB.TOTL.IN.ZS,61.975,62.066,62.17,62.288,62.42
Qatar,QAT,Urban population (% of total population),SP.URB.TOTL.IN.ZS,99.235,99.278,99.318,99.354,99.387
Romania,ROU,Urban population (% of total population),SP.URB.TOTL.IN.ZS,54.194,54.329,54.489,54.672,54.88
Russia,RUS,Urban population (% of total population),SP.URB.TOTL.IN.ZS,74.754,74.934,75.126,75.331,75.548
Rwanda,RWA,Urban population (% of total population),SP.URB.TOTL.IN.ZS,17.432,17.568,17.721,17.892,18.081
South Asia,SAS,Urban population (% of total population),SP.URB.TOTL.IN.ZS,34.78915598,35.27937068,35.78532076,36.30768556,36.83968844
Saudi Arabia,SAU,Urban population (% of total population),SP.URB.TOTL.IN.ZS,84.287,84.508,84.729,84.95,85.171
Sudan,SDN,Urban population (% of total population),SP.URB.TOTL.IN.ZS,35.253,35.593,35.956,36.342,36.752
Senegal,SEN,Urban population (% of total population),SP.URB.TOTL.IN.ZS,48.122,48.6,49.086,49.579,50.08
Singapore,SGP,Urban population (% of total population),SP.URB.TOTL.IN.ZS,100,100,100,100,100
Solomon Islands,SLB,Urban population (% of total population),SP.URB.TOTL.IN.ZS,24.67,25.128,25.584,26.037,26.488
Sierra Leone,SLE,Urban population (% of total population),SP.URB.TOTL.IN.ZS,42.923,43.372,43.831,44.3,44.779
El Salvador,SLV,Urban population (% of total population),SP.URB.TOTL.IN.ZS,73.444,74.118,74.767,75.393,75.996
San Marino,SMR,Urban population (% of total population),SP.URB.TOTL.IN.ZS,97.499,97.62,97.732,97.836,97.932
"Somalia, Fed. Rep.",SOM,Urban population (% of total population),SP.URB.TOTL.IN.ZS,46.141,46.731,47.324,47.92,48.519
Serbia,SRB,Urban population (% of total population),SP.URB.TOTL.IN.ZS,56.446,56.651,56.873,57.113,57.371
Sub-Saharan Africa (excluding high income),SSA,Urban population (% of total population),SP.URB.TOTL.IN.ZS,43.59524969,44.14455138,44.69568895,45.24276489,45.79109558
South Sudan,SSD,Urban population (% of total population),SP.URB.TOTL.IN.ZS,20.199,20.514,20.846,21.195,21.56
Sub-Saharan Africa,SSF,Urban population (% of total population),SP.URB.TOTL.IN.ZS,41.36862979,41.90764315,42.44939694,42.98812328,43.52871746
Small states,SST,Urban population (% of total population),SP.URB.TOTL.IN.ZS,51.40050172,51.57036511,51.81585577,52.09990767,52.37231281
Sao Tome and Principe,STP,Urban population (% of total population),SP.URB.TOTL.IN.ZS,74.354,75.073,75.755,76.401,77.014
Suriname,SUR,Urban population (% of total population),SP.URB.TOTL.IN.ZS,66.149,66.219,66.307,66.411,66.533
Slovak Republic,SVK,Urban population (% of total population),SP.URB.TOTL.IN.ZS,53.76,53.82,53.909,54.027,54.172
Slovenia,SVN,Urban population (% of total population),SP.URB.TOTL.IN.ZS,55.118,55.427,55.751,56.088,56.438
Sweden,SWE,Urban population (% of total population),SP.URB.TOTL.IN.ZS,87.977,88.238,88.492,88.738,88.976
Eswatini,SWZ,Urban population (% of total population),SP.URB.TOTL.IN.ZS,24.171,24.369,24.576,24.79,25.013
Sint Maarten (Dutch part),SXM,Urban population (% of total population),SP.URB.TOTL.IN.ZS,100,100,100,100,100
Seychelles,SYC,Urban population (% of total population),SP.URB.TOTL.IN.ZS,57.546,57.972,58.396,58.82,59.242
Syrian Arab Republic,SYR,Urban population (% of total population),SP.URB.TOTL.IN.ZS,55.475,56.124,56.769,57.409,58.044
Turks and Caicos Islands,TCA,Urban population (% of total population),SP.URB.TOTL.IN.ZS,93.605,93.834,94.047,94.247,94.433
Chad,TCD,Urban population (% of total population),SP.URB.TOTL.IN.ZS,23.52,23.781,24.063,24.366,24.691
East Asia & Pacific (IDA & IBRD countries),TEA,Urban population (% of total population),SP.URB.TOTL.IN.ZS,57.42391143,58.31260383,59.17574357,60.00988524,60.81841863
Europe & Central Asia (IDA & IBRD countries),TEC,Urban population (% of total population),SP.URB.TOTL.IN.ZS,66.63776759,66.82703654,67.00580806,67.1812945,67.39004743
Togo,TGO,Urban population (% of total population),SP.URB.TOTL.IN.ZS,42.8,43.358,43.921,44.49,45.064
Thailand,THA,Urban population (% of total population),SP.URB.TOTL.IN.ZS,51.43,52.163,52.889,53.608,54.32
Tajikistan,TJK,Urban population (% of total population),SP.URB.TOTL.IN.ZS,27.506,27.726,27.968,28.234,28.523
Turkmenistan,TKM,Urban population (% of total population),SP.URB.TOTL.IN.ZS,52.516,52.998,53.494,54.003,54.524
Latin America & the Caribbean (IDA & IBRD countries),TLA,Urban population (% of total population),SP.URB.TOTL.IN.ZS,81.0901657,81.3334321,81.57500581,81.81439933,82.05331402
Timor-Leste,TLS,Urban population (% of total population),SP.URB.TOTL.IN.ZS,31.32,31.695,32.074,32.456,32.842
"Middle East, North Africa, Afghanistan & Pakistan (IDA & IBRD)",TMN,Urban population (% of total population),SP.URB.TOTL.IN.ZS,51.1342115,51.40384227,51.71474866,52.03114204,52.33517913
Tonga,TON,Urban population (% of total population),SP.URB.TOTL.IN.ZS,23.099,23.104,23.125,23.16,23.21
South Asia (IDA & IBRD),TSA,Urban population (% of total population),SP.URB.TOTL.IN.ZS,34.78915598,35.27937068,35.78532076,36.30768556,36.83968844
Sub-Saharan Africa (IDA & IBRD countries),TSS,Urban population (% of total population),SP.URB.TOTL.IN.ZS,41.36862979,41.90764315,42.44939694,42.98812328,43.52871746
Trinidad and Tobago,TTO,Urban population (% of total population),SP.URB.TOTL.IN.ZS,53.214,53.265,53.34,53.439,53.562
Tunisia,TUN,Urban population (% of total population),SP.URB.TOTL.IN.ZS,69.568,69.888,70.214,70.544,70.88
Turkiye,TUR,Urban population (% of total population),SP.URB.TOTL.IN.ZS,76.105,76.569,77.022,77.463,77.893
Tuvalu,TUV,Urban population (% of total population),SP.URB.TOTL.IN.ZS,64.014,64.785,65.527,66.241,66.928
Tanzania,TZA,Urban population (% of total population),SP.URB.TOTL.IN.ZS,35.227,35.954,36.682,37.409,38.136
Uganda,UGA,Urban population (% of total population),SP.URB.TOTL.IN.ZS,24.954,25.553,26.159,26.771,27.389
Ukraine,UKR,Urban population (% of total population),SP.URB.TOTL.IN.ZS,69.608,69.757,69.919,70.095,70.284
Upper middle income,UMC,Urban population (% of total population),SP.URB.TOTL.IN.ZS,66.39567754,67.16437696,67.91261192,68.63944701,69.34604651
Uruguay,URY,Urban population (% of total population),SP.URB.TOTL.IN.ZS,95.515,95.603,95.688,95.771,95.852
United States,USA,Urban population (% of total population),SP.URB.TOTL.IN.ZS,82.664,82.873,83.084,83.298,83.515
Uzbekistan,UZB,Urban population (% of total population),SP.URB.TOTL.IN.ZS,50.416,50.427,50.466,50.532,50.626
St. Vincent and the Grenadines,VCT,Urban population (% of total population),SP.URB.TOTL.IN.ZS,53.032,53.452,53.875,54.299,54.725
"Venezuela, RB",VEN,Urban population (% of total population),SP.URB.TOTL.IN.ZS,88.279,88.325,88.378,88.438,88.505
British Virgin Islands,VGB,Urban population (% of total population),SP.URB.TOTL.IN.ZS,48.515,48.92,49.331,49.748,50.171
Virgin Islands (U.S.),VIR,Urban population (% of total population),SP.URB.TOTL.IN.ZS,95.939,96.04,96.136,96.227,96.314
Viet Nam,VNM,Urban population (% of total population),SP.URB.TOTL.IN.ZS,37.34,38.052,38.766,39.48,40.195
Vanuatu,VUT,Urban population (% of total population),SP.URB.TOTL.IN.ZS,25.525,25.665,25.816,25.976,26.147
World,WLD,Urban population (% of total population),SP.URB.TOTL.IN.ZS,55.96237383,56.37527398,56.8157154,57.26039345,57.7006388
Samoa,WSM,Urban population (% of total population),SP.URB.TOTL.IN.ZS,17.889,17.742,17.616,17.508,17.42
Kosovo,XKX,Urban population (% of total population),SP.URB.TOTL.IN.ZS,,,,,
"Yemen, Rep.",YEM,Urban population (% of total population),SP.URB.TOTL.IN.ZS,37.908,38.546,39.188,39.831,40.477
South Africa,ZAF,Urban population (% of total population),SP.URB.TOTL.IN.ZS,67.354,67.847,68.335,68.819,69.298
Zambia,ZMB,Urban population (% of total population),SP.URB.TOTL.IN.ZS,44.629,45.192,45.761,46.335,46.914
Zimbabwe,ZWE,Urban population (% of total population),SP.URB.TOTL.IN.ZS,32.242,32.303,32.395,32.517,32.67